{
  "profile": {
    "height_cm": 169,
    "weight_kg": 69.0,
    "age_years": 69,
    "gender": "OTHER"
  },
  "water_logs": [
    {
      "amount_ml": 500,
      "timestamp": 1749323998.241949,
      "note": ""
    }
  ],
  "checksum": "b0c0c2318db79ef8c93be1813d5473dc142f466f77693c0fede55071e7e002ca",
  "export_date": 1749324017.1970365
}